{
    "parent": "item/generated",
    "textures": {
        "layer0": "item/copper_ingot"
    },
    "overrides": [
        {
            "predicate": {
                "custom_model_data" : 101
            },
            "model": "item/amirite"
        },
        {
            "predicate": {
                "custom_model_data" : 102
            },
            "model": "item/enderite"
        },
        {
            "predicate": {
                "custom_model_data" : 103
            },
            "model": "item/enderite_piece"
        }
    ]
}
