{
    "parent": "item/handheld",
    "textures": {
        "layer0": "item/minigun"
    },
    "display": {
        "thirdperson_righthand": {
            "rotation": [ 0, 90, 90 ],
            "translation": [ 0, 0.5, 0 ],
            "scale": [ 1.65, 1.25, 2.0 ]
        },
        "thirdperson_lefthand": {
            "rotation": [ 0, -90, -90 ],
            "translation": [ 0, 0.5, 0 ],
            "scale": [ 1.65, 1.25, 2.0 ]
        },
        "firstperson_righthand": {
            "rotation": [ 0, 90, 25 ],
            "translation": [ 1.13, 3.2, 1.13 ],
            "scale": [ 0.68, 0.68, 0.68 ]
        },
        "firstperson_lefthand": {
            "rotation": [ 0, -90, -25 ],
            "translation": [ 1.13, 3.2, 1.13 ],
            "scale": [ 0.68, 0.68, 0.68 ]
        }
    }
}
