{
    "parent": "item/handheld",
    "textures": {
        "layer0": "item/stick"
    },
    "overrides": [
        {
            "predicate": {
                "custom_model_data" : 11001
            },
            "model": "item/rifle"
        },
        {
            "predicate": {
                "custom_model_data" : 11002
            },
            "model": "item/fire_wand"
        },
        {
            "predicate": {
                "custom_model_data" : 11003
            },
            "model": "item/pistol"
        },
        {
            "predicate": {
                "custom_model_data" : 11004
            },
            "model": "item/shotgun"
        },
        {
            "predicate": {
                "custom_model_data" : 11005
            },
            "model": "item/rocket_launcher"
        },
        {
            "predicate": {
                "custom_model_data" : 11006
            },
            "model": "item/archers_bane"
        },
        {
            "predicate": {
                "custom_model_data" : 11007
            },
            "model": "item/minigun"
        },
        {
            "predicate": {
                "custom_model_data" : 11008
            },
            "model": "item/evoker_tome"
        },
        {
            "predicate": {
                "custom_model_data" : 11009
            },
            "model": "item/prot_boost"
        },
        {
            "predicate": {
                "custom_model_data" : 11010
            },
            "model": "item/thorns_boost"
        },
        {
            "predicate": {
                "custom_model_data" : 11011
            },
            "model": "item/speed_boost"
        },
        {
            "predicate": {
                "custom_model_data" : 11012
            },
            "model": "item/gunners_guide"
        },
        {
            "predicate": {
                "custom_model_data" : 11013
            },
            "model": "item/soldiers_guide"
        },
        {
            "predicate": {
                "custom_model_data" : 11014
            },
            "model": "item/hitmans_guide"
        },
        {
            "predicate": {
                "custom_model_data" : 11015
            },
            "model": "item/musket"
        }
    ]
}
